query,time,httpCalls,serverTime,importTime,exportTime,errors
C1_1,507.349080239,23,22.023560589043477,47.496266987012774,0.08740632430366847,0
C1_2,438.1004416,23,19.011685859434778,45.09910293247388,0.08582032245138418,0
C1_3,438.010936603,24,18.21763339658333,48.940579096476235,0.09036064147949219,0
