query,time,httpCalls,serverTime,importTime,exportTime,errors
C1_1,56.804548189,3,18.848127394,7.548411687215169,0.07303555806477866,0
C1_2,44.687982141,3,14.815554874,7.094224294026692,0.06341934204101562,0
C1_3,45.903315583,3,15.218557440333333,7.0374806722005205,0.06683667500813803,0
