query,time,httpCalls,serverTime,importTime,exportTime,errors
C1_1,504.575244872,23,21.903108499826082,46.682959017546274,0.0875203505806301,0
C1_2,437.137610291,23,18.97206757752174,48.655157503874406,0.08585142052691917,0
C1_3,434.838620191,23,18.871023223826086,45.927037363467,0.08429651675016986,0
