query,time,httpCalls,serverTime,importTime,exportTime,errors
C1_1,504.508783851,23,21.89837074904348,45.88638181271761,0.08808011594025986,0
C1_2,437.469230718,23,18.984949232652177,46.524980793828554,0.09006002674932063,0
C1_3,423.853400966,22,19.229994808999997,47.1113920211792,0.08612329309636894,0
