query,time,httpCalls,serverTime,importTime,exportTime,errors
C1_1,541.487236708,25,21.62643128944,50.58983802795409,0.09003639221191405,0
C1_2,439.428372049,23,19.068797890304346,48.308517621911086,0.09087894273840863,0
C1_3,404.509658015,23,17.55181365391304,45.08222704348357,0.08735449417777683,0
