query,time,httpCalls,serverTime,importTime,exportTime,errors
C1_1,58.197363307,3,19.313727526333334,6.953080495198567,0.06779034932454428,0
C1_2,45.074230326,3,14.819001567333334,7.4164072672526045,0.06397565205891928,0
C1_3,45.831985531,3,15.197373002666668,6.8616072336832685,0.07168451944986978,0
