query,time,httpCalls,serverTime,importTime,exportTime,errors
C1_1,513.673274312,24,21.367498048249992,46.415875355402626,0.08581082026163736,0
C1_2,439.675498617,23,19.079912890130434,48.73070509537406,0.08545751157014268,0
C1_3,429.903581836,23,18.654192601086955,48.82176026054049,0.09319056635317596,0
