query,time,httpCalls,serverTime,importTime,exportTime,errors
C1_1,61.457867185,3,20.38531435166667,8.020559946695963,0.06405512491861978,0
C1_2,45.303951432,3,15.000964780333334,7.607221603393555,0.07748603820800781,0
C1_3,45.862621898,3,15.193319449,7.239182790120442,0.07224082946777344,0
