query,time,httpCalls,serverTime,importTime,exportTime,errors
C1_1,61.698203994,3,20.468508061,6.898164749145508,0.064849853515625,0
C1_2,45.966289475,3,15.230821143666667,6.983598073323567,0.06620089213053384,0
C1_3,45.036127443,3,14.915910211666668,14.16762669881185,0.06771087646484375,0
