query,time,httpCalls,serverTime,importTime,exportTime,errors
C1_1,60.047711504,3,19.933424834333334,6.8577925364176435,0.058253606160481766,0
C1_2,44.505446811,3,14.755504925333332,7.797718048095703,0.06731351216634116,0
C1_3,45.732100364,3,15.162034851000001,7.017056147257487,0.07128715515136719,0
