query,time,httpCalls,serverTime,importTime,exportTime,errors
C1_1,505.237972452,23,21.93113410847826,47.83854277237602,0.08886793385381285,0
C1_2,423.368455709,22,19.207976203409093,44.15824196555398,0.08053129369562323,0
C1_3,438.493294126,23,19.030457182260868,45.38746502088464,0.09474547012992525,0
