query,time,httpCalls,serverTime,importTime,exportTime,errors
C1_1,54.632407678,3,18.072397714333334,7.286787033081055,0.08487701416015625,0
C1_2,44.467850986,3,14.714029161666668,7.327556610107422,0.060876210530598954,0
C1_3,45.121833199,3,14.957423269333333,7.632970809936523,0.06723403930664062,0
