query,time,httpCalls,serverTime,importTime,exportTime,errors
C1_1,54.212406007,3,17.988220619666667,6.459474563598633,0.0873406728108724,0
C1_2,45.344805336,3,14.888483799,7.445891698201497,0.06699562072753906,0
C1_3,46.344863552,3,15.363047593,6.955067316691081,0.06556510925292969,0
