query,time,httpCalls,serverTime,importTime,exportTime,errors
C1_1,501.892910235,23,21.786525969000003,42.10638999938965,0.08618313333262569,0
C1_2,451.815897687,24,18.79391455945834,47.42639263470967,0.08783737818400066,0
C1_3,421.598298512,22,19.127184744590906,46.473676508123226,0.08287213065407494,0
