query,time,httpCalls,serverTime,importTime,exportTime,errors
C1_1,510.602207475,24,21.241872874374998,46.18506630261739,0.10289748509724936,0
C1_2,455.180945932,24,18.933341830083332,48.5994815826416,0.08917848269144693,0
C1_3,416.088649888,22,18.87726147936364,45.823140577836476,0.08344650268554686,0
