query,time,httpCalls,serverTime,importTime,exportTime,errors
C1_1,512.342818332,24,21.314050358666666,47.07817236582438,0.09239713350931804,0
C1_2,440.407205052,23,19.113756603782612,45.41691489841627,0.08733376212742017,0
C1_3,422.301266867,22,19.159240931545458,44.38546570864591,0.0859932465986772,0
