query,time,httpCalls,serverTime,importTime,exportTime,errors
C1_1,61.342453899,3,20.358113387000003,7.066170374552409,0.0671545664469401,0
C1_2,44.904720642,3,14.883075763333334,6.954034169514974,0.05936622619628906,0
C1_3,45.554051173,3,15.104881299333334,7.042725880940755,0.07319450378417969,0
