query,time,httpCalls,serverTime,importTime,exportTime,errors
C1_1,496.287374829,22,22.522827095727276,45.80038244074041,0.08345733989368785,0
C1_2,436.174177528,23,18.93115525243478,47.953128814697266,0.08825633836829143,0
C1_3,437.291595167,23,18.979215904826088,44.52497026194697,0.08424468662427818,0
