query,time,httpCalls,serverTime,importTime,exportTime,errors
C1_1,58.359065591,3,19.36520339333333,6.877660751342773,0.06031990051269531,0
C1_2,45.058791603,3,14.939277501,7.383505503336589,0.06937980651855469,0
C1_3,46.263431708,3,15.339827821,7.216850916544597,0.06850560506184897,0
