query,time,httpCalls,serverTime,importTime,exportTime,errors
C1_1,523.74981107,25,20.916817349240002,132.56218910217282,0.0935649871826172,0
C1_2,439.5636765,23,19.07800823643478,48.50661236306895,0.08795572363811989,0
C1_3,417.06052635,22,18.922905002636362,44.434189796447754,0.0833272933959961,0
