query,time,httpCalls,serverTime,importTime,exportTime,errors
C1_1,54.655724155,3,18.135162433666668,7.016181945800781,0.0667572021484375,0
C1_2,44.850160419,3,14.863542954666666,6.84968630472819,0.06159146626790364,0
C1_3,45.900005167,3,15.218072409333333,6.900628407796224,0.07327397664388022,0
