query,time,httpCalls,serverTime,importTime,exportTime,errors
C1_1,58.651595042,3,19.47042313133333,7.946093877156575,0.06127357482910156,0
C1_2,44.665786441,3,14.797785498333333,7.600943247477214,0.06755193074544272,0
C1_3,46.191866545,3,15.309798985666667,7.139762242635091,0.07311503092447916,0
