query,time,httpCalls,serverTime,importTime,exportTime,errors
C1_1,515.064538017,24,21.427686355916666,46.40592137972515,0.08920828501383463,0
C1_2,425.492941599,22,19.305260540545454,43.53313012556596,0.08657845583829013,0
C1_3,435.636088364,23,18.907073441391304,45.264720916748054,0.08796608966329822,0
