query,time,httpCalls,serverTime,importTime,exportTime,errors
C1_1,53.246709679,3,17.663345931666665,6.494442621866862,0.06373723347981772,0
C1_2,43.274123042,3,14.345328311333333,6.834745407104492,0.06127357482910156,0
C1_3,44.587727463,3,14.777942218666668,6.945610046386719,0.07144610087076822,0
