query,time,httpCalls,serverTime,importTime,exportTime,errors
C1_1,54.945027249,3,18.230822951666667,6.977637608846028,0.05602836608886719,0
C1_2,44.842435032,3,14.860915501333333,7.1264902750651045,0.06572405497233072,0
C1_3,45.838017437,3,15.194910436,7.591962814331055,0.06731351216634116,0
