query,time,httpCalls,serverTime,importTime,exportTime,errors
C1_1,59.583400032,3,19.772104848666668,6.950537363688151,0.07351239522298178,0
C1_2,44.504884103,3,14.752831934333333,6.942272186279297,0.05944569905598958,0
C1_3,45.756103921,3,15.168072673,7.162809371948242,0.07867813110351562,0
