query,time,httpCalls,serverTime,importTime,exportTime,errors
C1_1,56.787137241,3,18.842404591666668,7.567008336385091,0.06699562072753906,0
C1_2,44.310626806,3,14.689558493,6.809155146280925,0.06071726481119792,0
C1_3,45.475114309,3,15.078214325,7.0353349049886065,0.06779034932454428,0
