query,time,httpCalls,serverTime,importTime,exportTime,errors
C1_1,507.755897399,23,22.040506881173915,44.99987933946693,0.08788316146187161,0
C1_2,423.159838795,22,19.198866960045454,43.76071149652654,0.08917938579212535,0
C1_3,438.860215913,23,19.046899187999998,47.96269665593686,0.09016368700110394,0
