query,time,httpCalls,serverTime,importTime,exportTime,errors
C1_1,502.230886504,23,21.801056945434784,46.09154618304709,0.09563694829526156,0
C1_2,421.710261802,22,19.132860541954546,44.277841394597836,0.08315389806574042,0
C1_3,437.672528884,23,18.994386657913044,44.30381111476732,0.08413066034731657,0
