query,time,httpCalls,serverTime,importTime,exportTime,errors
C1_1,505.909795357,23,21.961110724347826,45.00585016996964,0.08848439092221469,0
C1_2,437.707209521,23,18.994188288913048,48.09754827748174,0.0845763994299847,0
C1_3,440.166413355,24,18.306863966125,48.82605870564778,0.08917848269144693,0
