query,time,httpCalls,serverTime,importTime,exportTime,errors
C1_1,56.327278737,3,18.689223488333333,6.948550542195638,0.06405512491861978,0
C1_2,45.211316837,3,14.977815362,6.943623224894206,0.06699562072753906,0
C1_3,45.900308595,3,15.218155299666666,6.951808929443359,0.061194101969401046,0
