query,time,httpCalls,serverTime,importTime,exportTime,errors
C1_1,62.347363429,4,15.520048509750001,459.58220958709717,0.12058019638061523,0
C1_2,44.948113383,3,14.895497663666665,7.429838180541992,0.06508827209472656,0
C1_3,45.624944407,3,15.123807845,7.092396418253581,0.06874402364095053,0
