query,time,httpCalls,serverTime,importTime,exportTime,errors
C1_1,60.475495154,3,20.075285613000002,8.069356282552084,0.06659825642903647,0
C1_2,44.389832633,3,14.715867795666668,6.927728652954102,0.06890296936035156,0
C1_3,45.660500686,3,15.134920141999999,6.9840749104817705,0.06405512491861978,0
