query,time,httpCalls,serverTime,importTime,exportTime,errors
C1_1,55.370167045,3,18.369278330333334,6.856203079223633,0.0629425048828125,0
C1_2,44.492084244,3,14.739848787,6.941556930541992,0.06858507792154947,0
C1_3,46.096674084,3,15.283195653333333,7.203261057535808,0.06898244222005209,0
