query,time,httpCalls,serverTime,importTime,exportTime,errors
C1_1,61.002167433,3,20.248512022,6.9662729899088545,0.06341934204101562,0
C1_2,44.699733844,3,14.815881270333334,6.916443506876628,0.07009506225585938,0
C1_3,45.48464818,3,15.070656445666668,6.909767786661784,0.06222724914550781,0
