query,time,httpCalls,serverTime,importTime,exportTime,errors
C1_1,506.042147161,23,21.964813125652174,46.9979306925898,0.0865148461383322,0
C1_2,437.562565265,23,18.989943817956522,47.47129523235819,0.08862951527471129,0
C1_3,434.613049965,23,18.860445804304344,43.444208476854406,0.08662887241529382,0
