query,time,httpCalls,serverTime,importTime,exportTime,errors
C1_1,499.702365113,23,21.690790939478262,45.98169741423234,0.10348402935525647,0
C1_2,437.423443287,23,18.983734058913047,46.09135959459388,0.08824597234311311,0
C1_3,422.439702033,22,19.16626553209091,47.20357331362638,0.08568980477072975,0
