query,time,httpCalls,serverTime,importTime,exportTime,errors
C1_1,494.582076887,22,22.44356622609091,45.6689704548229,0.0815391540527344,0
C1_2,438.742714377,23,19.041235991782607,47.29482401972232,0.08886793385381284,0
C1_3,447.016763073,24,18.59280983704167,50.95579226811727,0.09002288182576498,0
