query,time,httpCalls,serverTime,importTime,exportTime,errors
C1_1,60.215283261,3,19.96802650633333,7.299661636352539,0.056743621826171875,0
C1_2,44.166686423,3,14.627082816666666,6.843090057373047,0.06850560506184897,0
C1_3,45.728685597,3,15.151105244,7.528861363728841,0.06874402364095053,0
