query,time,httpCalls,serverTime,importTime,exportTime,errors
C1_1,62.391191907,4,15.530227146250002,462.33499050140375,0.09638071060180664,0
C1_2,44.810150337,3,14.843522803333332,7.415294647216797,0.06620089213053384,0
C1_3,45.91739756,3,15.220000415333331,7.134199142456055,0.06556510925292969,0
