query,time,httpCalls,serverTime,importTime,exportTime,errors
C1_1,515.740038288,24,21.454952935875,49.139052629470825,0.09768207867940268,0
C1_2,440.166524823,23,19.103450475608692,46.464225520258374,0.08726119995117188,0
C1_3,420.788724079,22,19.090733190409093,44.67501423575661,0.08986212990500711,0
