query,time,httpCalls,serverTime,importTime,exportTime,errors
C1_1,500.279104602,23,21.71640580308696,45.979831529700235,0.096880871316661,0
C1_2,419.843617179,22,19.049047968818186,45.01383954828435,0.0821785493330522,0
C1_3,421.11709182,22,19.10566746990909,43.33323782140558,0.0835982235995206,0
