query,time,httpCalls,serverTime,importTime,exportTime,errors
C1_1,60.050746896,3,19.932978752999997,6.937424341837565,0.06810824076334634,0
C1_2,44.890231591,3,14.887089283666668,6.939331690470378,0.0797112782796224,0
C1_3,45.7040077,3,15.143273314,6.956656773885091,0.057697296142578125,0
