query,time,httpCalls,serverTime,importTime,exportTime,errors
C1_1,58.690034238,3,19.47834669066667,7.053772608439128,0.06564458211263022,0
C1_2,44.586658509,3,14.773186992333333,6.990830103556315,0.06349881490071616,0
C1_3,45.869327928,3,15.204979038,7.071971893310547,0.07033348083496094,0
