query,time,httpCalls,serverTime,importTime,exportTime,errors
C1_1,54.903921597,3,18.213314605333334,6.9433848063151045,0.06254514058430989,0
C1_2,44.860874701,3,14.847916022,6.904443105061849,0.05777676900227864,0
C1_3,45.579080904,3,15.113729939666666,7.300456364949544,0.06039937337239583,0
