query,time,httpCalls,serverTime,importTime,exportTime,errors
C1_1,60.061496524,3,19.937926877333332,6.949901580810547,0.0797112782796224,0
C1_2,44.964485285,3,14.905027628666666,6.746053695678711,0.06723403930664062,0
C1_3,45.986151345,3,15.244511743333332,7.058540980021159,0.07232030232747397,0
