query,time,httpCalls,serverTime,importTime,exportTime,errors
C1_1,503.027317451,23,21.834601710391304,47.39434822745945,0.09668391683827275,0
C1_2,451.011406975,24,18.759227476000003,49.48930939038595,0.08624792098999022,0
C1_3,429.935296381,23,18.658026200478258,48.02499646725862,0.08778986723526665,0
