query,time,httpCalls,serverTime,importTime,exportTime,errors
C1_1,60.444534799,3,20.072019879333332,7.488409678141276,0.06103515625,0
C1_2,45.019143245,3,14.921636519000002,6.955385208129883,0.059604644775390625,0
C1_3,46.066542794,3,15.275623672333332,7.113536198933919,0.07327397664388022,0
