query,time,httpCalls,serverTime,importTime,exportTime,errors
C1_1,494.84058173,22,22.45669391131818,45.978784561157234,0.08663264187899503,0
C1_2,420.221666313,22,19.065941665545456,44.47190328077836,0.09340589696710758,0
C1_3,419.992554563,22,19.055484230318182,43.665170669555664,0.08520213040438565,0
