query,time,httpCalls,serverTime,importTime,exportTime,errors
C1_1,502.138424646,23,21.796251703347828,45.40127256642217,0.08526055709175442,0
C1_2,437.189314251,23,18.97409873182609,47.02622994132664,0.09100333504054857,0
C1_3,436.012939901,23,18.922355137652172,47.8797373564347,0.08984234022057574,0
