query,time,httpCalls,serverTime,importTime,exportTime,errors
C1_1,527.909228534,25,21.08470819392,47.96883583068847,0.10638236999511717,0
C1_2,440.237487991,23,19.10671530356522,48.07193382926609,0.08720936982528024,0
C1_3,416.696477046,23,18.082021966608693,47.18612587970236,0.08854658707328465,0
