query,time,httpCalls,serverTime,importTime,exportTime,errors
C1_1,59.714461274,3,19.825116706333333,6.840070088704427,0.06222724914550781,0
C1_2,44.539624618,3,14.777772182333335,6.948630015055339,0.06771087646484375,0
C1_3,46.129276577,3,15.307906528,7.1201324462890625,0.13446807861328125,0
