query,time,httpCalls,serverTime,importTime,exportTime,errors
C1_1,59.607193745,3,19.784252049666666,6.892681121826172,0.06469090779622397,0
C1_2,44.171232194,3,14.646117751,6.919542948404948,0.06516774495442709,0
C1_3,46.125578292,3,15.288774783000001,6.985187530517578,0.06429354349772134,0
