query,time,httpCalls,serverTime,importTime,exportTime,errors
C1_1,504.056942756,23,21.88132603334783,46.18725569351859,0.09474547012992526,0
C1_2,437.651413332,23,18.994616890478262,47.89232171100119,0.0856130019478176,0
C1_3,435.69088688,23,18.909335981260874,49.0062547766644,0.0927344612453295,0
