query,time,httpCalls,serverTime,importTime,exportTime,errors
C1_1,513.699055125,24,21.370564945458327,49.45170879364014,0.08999307950337727,0
C1_2,425.80521931,22,19.31918024522728,46.46897315979004,0.08396668867631392,0
C1_3,436.323986746,23,18.935844752,46.05361689691958,0.08546787759532098,0
