query,time,httpCalls,serverTime,importTime,exportTime,errors
C1_1,58.217625243,3,19.320180336333333,7.3765913645426435,0.061909357706705734,0
C1_2,45.026983126,3,14.929737479333333,7.612069447835286,0.060558319091796875,0
C1_3,46.229586321,3,15.321095288666665,7.400751113891602,0.05817413330078125,0
