query,time,httpCalls,serverTime,importTime,exportTime,errors
C1_1,501.487220959,23,21.767316034869566,47.35131885694421,0.10014616924783458,0
C1_2,451.634136884,24,18.78503572954167,47.38599061965943,0.09172161420186362,0
C1_3,421.849892155,22,19.139990199454544,45.59139771894975,0.08740208365700461,0
