query,time,httpCalls,serverTime,importTime,exportTime,errors
C1_1,61.445231668,3,20.394241840666666,6.904443105061849,0.06612141927083334,0
C1_2,44.90998576,3,14.882644153000001,7.04201062520345,0.06747245788574219,0
C1_3,45.753716907,3,15.163191336666667,6.878137588500977,0.06548563639322916,0
