query,time,httpCalls,serverTime,importTime,exportTime,errors
C1_1,504.908973885,23,21.918705024782607,45.891481897105336,0.09448631950046704,0
C1_2,421.542994009,22,19.12648671431818,46.56623710285533,0.08295882831920276,0
C1_3,438.421842634,23,19.028482121695653,45.63689231872558,0.08598617885423744,0
