query,time,httpCalls,serverTime,importTime,exportTime,errors
C1_1,495.781854489,22,22.498815987409092,44.10997304049405,0.08221106095747516,0
C1_2,451.936330397,24,18.79684850158333,47.17214902242025,0.09255607922871907,0
C1_3,433.295885345,23,18.805085898565217,47.99816919409711,0.08782096531080162,0
