query,time,httpCalls,serverTime,importTime,exportTime,errors
C1_1,60.479687077,3,20.079752238666664,7.672786712646484,0.0667572021484375,0
C1_2,44.888214371,3,14.878397699333334,7.058064142862956,0.06079673767089844,0
C1_3,45.672755826,3,15.143567062,7.7788035074869795,0.06930033365885416,0
