query,time,httpCalls,serverTime,importTime,exportTime,errors
C1_1,511.163034062,24,21.2645794905,45.32083868980408,0.09483098983764648,0
C1_2,454.869690466,24,18.921001561958334,49.17067289352418,0.09210904439290363,0
C1_3,419.587651732,23,18.20923654578261,46.366463536801554,0.08708497752314028,0
