query,time,httpCalls,serverTime,importTime,exportTime,errors
C1_1,60.867893271,3,20.201282353,6.949106852213542,0.07239977518717447,0
C1_2,44.289313462,3,14.679320898,6.930748621622722,0.06047884623209636,0
C1_3,46.162308568,3,15.293830322333333,6.983121236165364,0.06262461344401042,0
