query,time,httpCalls,serverTime,importTime,exportTime,errors
C1_1,53.954182141,3,17.890946251333332,6.306568781534831,0.07661183675130209,0
C1_2,42.601821721,3,14.098285911666666,6.919542948404948,0.06103515625,0
C1_3,46.191360128,3,15.314670441666669,6.86335563659668,0.10498364766438803,0
