query,time,httpCalls,serverTime,importTime,exportTime,errors
C1_1,57.239390203,3,18.993650716333335,6.967862447102864,0.07104873657226562,0
C1_2,45.130151779,3,14.958733934,6.923834482828776,0.06461143493652344,0
C1_3,45.843112537,3,15.196049954,7.027546564737956,0.06500879923502603,0
