query,time,httpCalls,serverTime,importTime,exportTime,errors
C1_1,503.065381891,23,21.83603428147826,45.279627260954484,0.08708497752314029,0
C1_2,421.424372292,22,19.11979930327273,46.65931788357821,0.0870769674127752,0
C1_3,439.210396322,23,19.061725147,46.56227775242017,0.08468005968176799,0
