query,time,httpCalls,serverTime,importTime,exportTime,errors
C1_1,57.42962438,3,19.052774321999998,6.890455881754558,0.07144610087076822,0
C1_2,44.31976669,3,14.692079198,6.905396779378255,0.06779034932454428,0
C1_3,45.474221373,3,15.072441336333334,6.928364435831706,0.1091162363688151,0
