query,time,httpCalls,serverTime,importTime,exportTime,errors
C1_1,522.961099095,24,21.75619257,49.17116959889729,0.09099642435709639,0
C1_2,440.602983041,23,19.122907910130433,46.24597922615383,0.08933440498683765,0
C1_3,420.558074053,23,18.250130540782607,46.37903752534286,0.09071308633555536,0
