query,time,httpCalls,serverTime,importTime,exportTime,errors
C1_1,56.746448517,3,18.830968454333334,7.612148920694987,0.05777676900227864,0
C1_2,44.737218813,3,14.828363626666667,6.943543752034505,0.06230672200520833,0
C1_3,45.502480746,3,15.084916045,7.062991460164388,0.06818771362304688,0
