query,time,httpCalls,serverTime,importTime,exportTime,errors
C1_1,504.595669835,23,21.90489784743478,45.09841877481212,0.08600691090459407,0
C1_2,437.945854674,23,19.007093475956523,48.134938530299976,0.08542641349460767,0
C1_3,440.695325715,24,18.329394421791665,48.775424559911094,0.08890032768249512,0
