query,time,httpCalls,serverTime,importTime,exportTime,errors
C1_1,56.939874867,3,18.897363823666666,6.820281346638997,0.06588300069173178,0
C1_2,45.108380465,3,14.946713052,7.022698720296224,0.06341934204101562,0
C1_3,46.214644687,3,15.327468972333333,7.02516237894694,0.06604194641113281,0
