query,time,httpCalls,serverTime,importTime,exportTime,errors
C1_1,57.28917949,3,19.00927735466667,6.9548288981119795,0.0591278076171875,0
C1_2,44.736414494,3,14.828706384,6.986300150553386,0.05777676900227864,0
C1_3,45.863545845,3,15.207945666333334,6.93051020304362,0.060240427652994796,0
