query,time,httpCalls,serverTime,importTime,exportTime,errors
C1_1,55.117193472,3,18.287901254999998,6.887912750244141,0.062465667724609375,0
C1_2,44.430413717,3,14.720141505333332,6.927887598673503,0.06667772928873697,0
C1_3,45.68441031,3,15.14568493,7.005214691162109,0.0644524892171224,0
