query,time,httpCalls,serverTime,importTime,exportTime,errors
C1_1,504.867987205,23,21.915886335391303,47.501429267551586,0.09608268737792969,0
C1_2,451.953359074,24,18.799196743124998,45.05971074104309,0.09277462959289552,0
C1_3,426.898941878,23,18.527226589,46.88535565915315,0.08844292682150136,0
