query,time,httpCalls,serverTime,importTime,exportTime,errors
C1_1,510.013139884,24,21.21743591183333,134.4616711139679,0.09062886238098145,0
C1_2,425.340541583,22,19.29760809590909,45.37479443983598,0.08914687416770242,0
C1_3,421.57740017,22,19.127126304363642,44.65456442399459,0.08433515375310723,0
