query,time,httpCalls,serverTime,importTime,exportTime,errors
C1_1,54.019625993,3,17.923130294000003,6.2712828318278,0.08145968119303384,0
C1_2,44.442513925,3,14.731624689666667,6.986776987711589,0.06945927937825522,0
C1_3,45.412562224,3,15.056088756666666,7.075150807698567,0.07351239522298178,0
