query,time,httpCalls,serverTime,importTime,exportTime,errors
C1_1,511.439576423,24,21.273946881249998,46.816607316335045,0.09435415267944337,0
C1_2,439.740794019,23,19.085718102217392,47.06046892249066,0.08999783059825067,0
C1_3,433.662840093,24,18.036934999958333,51.42690738042196,0.09301304817199706,0
