query,time,httpCalls,serverTime,importTime,exportTime,errors
C1_1,57.874810713,3,19.20577199266667,6.82830810546875,0.059604644775390625,0
C1_2,44.699292278,3,14.813382582,7.359822591145833,0.061909357706705734,0
C1_3,45.82687335,3,15.190993478666668,6.815512975056966,0.06532669067382812,0
