query,time,httpCalls,serverTime,importTime,exportTime,errors
C1_1,59.275336698,3,19.672297488333335,6.971279780069987,0.05888938903808594,0
C1_2,44.937602646,3,14.897193794666668,6.979624430338542,0.060160954793294266,0
C1_3,46.195686463,3,15.308944468,6.98550542195638,0.05777676900227864,0
