query,time,httpCalls,serverTime,importTime,exportTime,errors
C1_1,56.012086447,3,18.580234225333335,6.858428319295247,0.06326039632161459,0
C1_2,44.778399055,3,14.848262845666666,6.9607893625895185,0.06405512491861978,0
C1_3,45.856397854,3,15.200159646,7.038593292236328,0.06413459777832031,0
