query,time,httpCalls,serverTime,importTime,exportTime,errors
C1_1,499.69322739,23,21.690916390913046,46.53738892596701,0.08200562518575917,0
C1_2,436.454276341,23,18.941820167086952,44.75055570187777,0.08933440498683765,0
C1_3,422.705740739,22,19.178058024090905,43.12917319211093,0.09076161818070844,0
