query,time,httpCalls,serverTime,importTime,exportTime,errors
C1_1,503.215316002,23,21.84369753478261,45.35776635874873,0.08668070254118546,0
C1_2,423.9070566,22,19.232758301409095,45.916600660844296,0.08755380457097835,0
C1_3,421.577179362,22,19.12686882809091,44.37960277904164,0.08689273487437855,0
