query,time,httpCalls,serverTime,importTime,exportTime,errors
C1_1,55.810553212,3,18.521711744666668,6.996393203735352,0.06063779195149739,0
C1_2,44.759915413,3,14.826917921,6.966352462768555,0.06628036499023438,0
C1_3,45.45315653,3,15.068477664333335,6.9090525309244795,0.06556510925292969,0
