query,time,httpCalls,serverTime,importTime,exportTime,errors
C1_1,497.998043465,23,21.616439112608692,139.07704146012017,0.08928257486094598,0
C1_2,437.902782369,23,19.004666879434776,45.70708067520805,0.08525019106657608,0
C1_3,437.42584608,23,18.98503122526087,45.25218839230744,0.08444164110266644,0
