query,time,httpCalls,serverTime,importTime,exportTime,errors
C1_1,55.576459656,3,18.442572107666667,6.999413172403972,0.06882349650065103,0
C1_2,44.383810804,3,14.706395787,6.927013397216797,0.060876210530598954,0
C1_3,45.944830008,3,15.234336254333332,6.946563720703125,0.059922536214192704,0
