query,time,httpCalls,serverTime,importTime,exportTime,errors
C1_1,512.723950934,24,21.329279295958337,46.23877008756002,0.09630123774210611,0
C1_2,455.618200921,24,18.950196233875005,46.65496945381164,0.089953343073527,0
C1_3,417.190578557,23,18.10259272991304,46.49570713872495,0.08646301601244057,0
