query,time,httpCalls,serverTime,importTime,exportTime,errors
C1_1,61.778659243,3,20.491747544333332,6.999969482421875,0.06254514058430989,0
C1_2,45.751404651,3,15.155557024666665,7.356961568196614,0.07422765096028647,0
C1_3,45.021342495,3,14.910947804666666,6.925662358601888,0.06659825642903647,0
