query,time,httpCalls,serverTime,importTime,exportTime,errors
C1_1,57.734100587,3,19.156454817,6.958802541097005,0.07255872090657553,0
C1_2,44.30203721,3,14.686784041000001,6.928284962972005,0.06731351216634116,0
C1_3,45.490586516,3,15.081709305666667,6.957610448201497,0.061909357706705734,0
