query,time,httpCalls,serverTime,importTime,exportTime,errors
C1_1,509.218064925,23,22.103345463826084,46.84633794038191,0.08938623511272929,0
C1_2,424.462299347,22,19.25850234386364,44.95573043823242,0.08456273512406781,0
C1_3,439.156055326,23,19.060207960695653,47.9163812554401,0.08281417514966881,0
