query,time,httpCalls,serverTime,importTime,exportTime,errors
C1_1,56.285079598,3,18.672977799666665,6.896416346232097,0.05968411763509114,0
C1_2,44.751207358,3,14.837086652,7.055838902791341,0.06397565205891928,0
C1_3,45.832595747,3,15.194712146666665,7.054646809895833,0.06691614786783853,0
