query,time,httpCalls,serverTime,importTime,exportTime,errors
C1_1,506.206117373,23,21.97496266073913,48.06510261867358,0.08535385131835938,0
C1_2,438.248058482,23,19.01876578473913,47.20219321872877,0.09106553119161855,0
C1_3,434.351155757,23,18.848749629478263,47.11159415867017,0.0871575396993886,0
