query,time,httpCalls,serverTime,importTime,exportTime,errors
C1_1,503.660399478,23,21.864279416565218,46.22219956439474,0.08790389351222826,0
C1_2,438.080271527,23,19.01286822417391,47.70213624705439,0.09112772734268854,0
C1_3,435.074803845,23,18.882225397391302,46.693884808084235,0.08432761482570482,0
