query,time,httpCalls,serverTime,importTime,exportTime,errors
C1_1,60.901527844,3,20.214429513,7.038513819376628,0.06659825642903647,0
C1_2,44.714432867,3,14.822810634000001,6.988684336344401,0.05976359049479167,0
C1_3,45.488250536,3,15.084660471666668,6.990671157836914,0.05968411763509114,0
