query,time,httpCalls,serverTime,importTime,exportTime,errors
C1_1,54.410195818,3,18.04850971733333,7.062991460164388,0.09083747863769531,0
C1_2,44.930875875,3,14.892647666666667,6.88481330871582,0.06405512491861978,0
C1_3,46.086710125,3,15.285375104666667,6.945689519246419,0.06222724914550781,0
