query,time,httpCalls,serverTime,importTime,exportTime,errors
C1_1,56.362286396,3,18.684612447333333,6.985982259114583,0.057140986124674484,0
C1_2,44.392987569,3,14.699597313,7.0086320241292315,0.061114629109700516,0
C1_3,45.53977588,3,15.081028956666666,7.143338521321614,0.06930033365885416,0
