query,time,httpCalls,serverTime,importTime,exportTime,errors
C1_1,62.296257805,4,15.510414382249998,467.40502119064325,0.10859966278076172,0
C1_2,45.846701946,3,15.19870713,7.025480270385742,0.07009506225585938,0
C1_3,45.188517545,3,14.977137316333335,14.6484375,0.07271766662597656,0
