query,time,httpCalls,serverTime,importTime,exportTime,errors
C1_1,55.886044781,3,18.537545642333335,7.986386617024739,0.05571047465006511,0
C1_2,44.373140444,3,14.704295145666666,6.932735443115234,0.07605552673339844,0
C1_3,45.601131763,3,15.115172007333333,6.9123109181722,0.06071726481119792,0
