query,time,httpCalls,serverTime,importTime,exportTime,errors
C1_1,505.720414323,23,21.95281259147826,46.274050422336735,0.09113809336786685,0
C1_2,453.642783529,24,18.86826262816666,47.860821088155106,0.09048978487650555,0
C1_3,418.930371309,22,19.0069071725,44.90528323433616,0.08209185166792436,0
