query,time,httpCalls,serverTime,importTime,exportTime,errors
C1_1,505.160302781,23,21.927259310478256,47.0842693163001,0.08396480394446332,0
C1_2,453.639312846,24,18.868426400625,47.71201809247336,0.09363889694213869,0
C1_3,425.068454306,23,18.44672753369565,45.758589454319164,0.09059906005859376,0
