query,time,httpCalls,serverTime,importTime,exportTime,errors
C1_1,55.107393281,3,18.230462745333334,7.077932357788086,0.057220458984375,0
C1_2,44.839191897,3,14.856129405333334,6.924947102864583,0.07033348083496094,0
C1_3,45.997697788,3,15.250815521333335,7.089455922444661,0.062068303426106766,0
