query,time,httpCalls,serverTime,importTime,exportTime,errors
C1_1,495.191952993,22,22.47302665627273,45.454469594088465,0.08861585096879439,0
C1_2,420.725447051,22,19.09005494713636,45.96058888868853,0.08437850258567117,0
C1_3,440.496440778,23,19.11856090995652,45.98731579987898,0.08402700009553328,0
