query,time,httpCalls,serverTime,importTime,exportTime,errors
C1_1,510.286100671,24,21.226970373791666,137.63485352198282,0.08954604466756184,0
C1_2,439.981211462,23,19.094524686043478,46.54084081235139,0.08599654487941576,0
C1_3,423.163591296,22,19.199878572272723,45.51765051755038,0.0867626883766868,0
