query,time,httpCalls,serverTime,importTime,exportTime,errors
C1_1,510.70957827,24,21.244523391541662,46.24518752098084,0.09480118751525879,0
C1_2,425.256378049,22,19.293052119,45.91798782348633,0.08364157243208452,0
C1_3,422.563662752,22,19.171807093590907,45.90752991763029,0.08835575797341086,0
