query,time,httpCalls,serverTime,importTime,exportTime,errors
C1_1,53.929721212,3,17.751559983333333,6.443579991658528,0.0896453857421875,0
C1_2,44.464473196,3,14.745124324,7.192929585774739,0.06302197774251302,0
C1_3,45.247755867,3,15.001807944666666,6.9230397542317705,0.06802876790364584,0
