query,time,httpCalls,serverTime,importTime,exportTime,errors
C1_1,502.311193088,23,21.804428736565214,44.94160154591436,0.08654594421386719,0
C1_2,438.131416806,23,19.01493250691304,46.70102699943211,0.09046430173127547,0
C1_3,435.680798567,23,18.908638779913048,46.48942532746688,0.09006002674932065,0
