query,time,httpCalls,serverTime,importTime,exportTime,errors
C1_1,54.474527176,3,18.071530869666667,7.246812184651692,0.08877118428548178,0
C1_2,44.019953268,3,14.589366920666668,7.241408030192058,0.0591278076171875,0
C1_3,44.913569171,3,14.884856888333333,6.857554117838542,0.061829884847005204,0
