query,time,httpCalls,serverTime,importTime,exportTime,errors
C1_1,60.859980935,3,20.204052727333334,6.863911946614583,0.05602836608886719,0
C1_2,44.362589597,3,14.697262959666666,6.872018178304036,0.07430712381998697,0
C1_3,46.067794961,3,15.27686247,7.054249445597331,0.06516774495442709,0
