query,time,httpCalls,serverTime,importTime,exportTime,errors
C1_1,59.147971358,3,19.627676485,6.980419158935547,0.06580352783203125,0
C1_2,44.576579884,3,14.780810292666667,7.03740119934082,0.060240427652994796,0
C1_3,46.220474013,3,15.328592418333335,7.030566533406575,0.07685025533040366,0
