query,time,httpCalls,serverTime,importTime,exportTime,errors
C1_1,53.514046573,3,17.747619440666668,6.1749617258707685,0.05745887756347656,0
C1_2,42.317368532,3,14.006119998666668,6.902058919270833,0.06167093912760417,0
C1_3,44.73088298,3,14.827434059333333,6.939888000488281,0.06802876790364584,0
