query,time,httpCalls,serverTime,importTime,exportTime,errors
C1_1,491.901369494,22,22.323406071545453,45.28782584450461,0.08476864207874645,0
C1_2,437.123511584,23,18.97022061778261,47.66397890837296,0.08705387944760529,0
C1_3,421.283768107,22,19.113063879090905,44.606035405939274,0.08369575847278943,0
