query,time,httpCalls,serverTime,importTime,exportTime,errors
C1_1,498.136090207,23,21.621295618565217,43.85839337887971,0.09916139685589334,0
C1_2,451.802611726,24,18.789516909416665,48.2641061147054,0.09014209111531576,0
C1_3,431.546151443,23,18.726303088217392,45.37046473959219,0.08865024732506793,0
