query,time,httpCalls,serverTime,importTime,exportTime,errors
C1_1,495.794091843,22,22.501452264181818,46.12695087086071,0.08508292111483487,0
C1_2,437.31767145,23,18.98129684952174,48.54162879612135,0.08803865183954653,0
C1_3,438.26233603,23,19.022777246999997,43.9246011816937,0.08656667626422385,0
