query,time,httpCalls,serverTime,importTime,exportTime,errors
C1_1,505.621069986,23,21.947687083434783,45.754536338474445,0.08540568144425102,0
C1_2,437.317523252,23,18.979143906130442,45.78467037366784,0.08663923844047215,0
C1_3,423.958166456,22,19.235696555818183,45.35574262792414,0.0851154327392578,0
