query,time,httpCalls,serverTime,importTime,exportTime,errors
C1_1,505.483787794,23,21.958676312347826,46.685239543085515,0.0887435415516729,0
C1_2,437.026046321,23,18.983316918608697,47.29730149973994,0.08639045383619227,0
C1_3,434.929369168,23,18.892473560826094,47.28379456893257,0.08589288462763246,0
