query,time,httpCalls,serverTime,importTime,exportTime,errors
C1_1,521.839958496,24,21.707512014458334,47.76393373807271,0.09937087694803873,0
C1_2,423.656568901,22,19.220607221136365,42.22325845198198,0.08555975827303798,0
C1_3,407.47910169,21,19.36601860304762,41.398661477225176,0.0899292173839751,0
