query,time,httpCalls,serverTime,importTime,exportTime,errors
C1_1,507.733452191,23,22.039739410913047,46.07918988103452,0.08903379025666609,0
C1_2,424.454291347,22,19.258386103909093,46.34627428921786,0.08938529274680397,0
C1_3,436.749994139,23,18.95374629608696,45.990964640741765,0.08789352748704993,0
