query,time,httpCalls,serverTime,importTime,exportTime,errors
query_10004,122.928094413,16,7.665753636624999,38.701131939888,0.05182623863220215,0
query_10022,104.392882702,26,3.861942207576923,0.4178285598754883,0.03881637866680439,0
query_10027,,0
query_10084,267.150952429,48,5.310829587249999,0.563586751619975,0.05133946736653645,0
query_10105,,0
query_10109,,0
query_10114,201.181206243,29,6.92703082862069,0.589017210335567,0.04308799217487204,0
query_10120,97.244093036,74,1.1909498527432434,0.22976785092740445,0.02449911993903084,0
query_10123,,0
query_10148,95.892349087,74,1.1726555898918916,0.2456677926553262,0.025011397696830136,0
query_10158,95.398969807,17,5.353287983529412,0.7970192853142233,0.05243806278004365,0
query_10159,225.028061809,26,8.454528934115386,0.9022400929377631,0.06738992837759164,0
query_10166,108.76492241,14,7.751339738928571,35.17591953277588,0.0452143805367606,0
query_11543,,0
query_1479,,0
query_1536,289.817625532,70,3.9838729139285713,0.3626176289149693,0.03707749502999444,0
query_1542,,0
query_1582,233.333439595,71,3.162933196,0.3338565289134712,0.03588367515886333,0
query_1585,,0
query_1587,,0
query_1600,,0
query_1603,,0
query_160,,0
query_2200,74.294591552,22,3.245222479181818,37.395759062333546,0.035090879960493614,0
query_3598,180.306048141,114,1.4059762579385964,0.3287164788497122,0.03238100754587272,0
query_3705,53.859252638,50,0.95616750924,0.2740144729614258,0.026850700378417965,0
query_3771,78.984326881,50,1.4541860605599999,0.25805473327636713,0.024662017822265618,0
query_3842,88.962899981,32,2.65432393315625,38.463950157165534,0.03583729267120363,0
query_3856,165.794863113,74,2.118787561027027,0.243831325221706,0.0243670231587178,0
query_3859,,0
query_3864,,0
query_4075,249.030179013,46,5.265899484369564,0.3671075986779254,0.03393318342125935,0
query_4107,,0
query_4112,65.367771847,24,2.5145761394166666,0.6899237632751465,0.04604458808898926,0
query_4124,,0
query_4128,240.79588756,32,7.224331294406252,38.02222758531571,0.0690966844558716,0
query_4146,147.065049532,37,3.768544803783784,0.5926054877203863,0.05010012033823374,0
query_4149,207.46277225,116,1.613767631560345,0.36572587901148307,0.03320800847020643,0
query_4166,