query,time,httpCalls,serverTime,importTime,exportTime,errors
C1_1,58.668311017,3,19.464591537333334,7.0209503173828125,0.06691614786783853,0
C1_2,44.248431825,3,14.662645975,6.824890772501628,0.07351239522298178,0
C1_3,45.452960963,3,15.069732889333334,7.054646809895833,0.08122126261393228,0
