query,time,httpCalls,serverTime,importTime,exportTime,errors
C1_1,500.84188766,23,21.740760192826095,47.46413230895996,0.09031917737877888,0
C1_2,437.296724971,23,18.97795606713043,46.22224102849546,0.08938623511272928,0
C1_3,436.954981701,23,18.96378146426087,49.03765346692957,0.0918740811555282,0
