query,time,httpCalls,serverTime,importTime,exportTime,errors
C1_1,502.939972369,23,21.830246326173917,46.67461436727773,0.08523982504139774,0
C1_2,437.721677931,23,18.996062658130434,46.14188360131306,0.09110699529233186,0
C1_3,435.7611821,23,18.911261304913047,44.967122699903406,0.08700204932171364,0
