query,time,httpCalls,serverTime,importTime,exportTime,errors
C1_1,55.858290278,3,18.535763074000002,6.975412368774414,0.0671545664469401,0
C1_2,44.766708375,3,14.835452297,6.837129592895508,0.07645289103190103,0
C1_3,45.930355946,3,15.226206803666667,7.662455240885417,0.06763140360514322,0
