query,time,httpCalls,serverTime,importTime,exportTime,errors
C1_1,57.757392526,3,19.164358682,7.152716318766276,0.08034706115722656,0
C1_2,44.288807997,3,14.681298782666667,6.87400499979655,0.06167093912760417,0
C1_3,45.428062003,3,15.056208438,8.12228520711263,0.07692972819010416,0
