query,time,httpCalls,serverTime,importTime,exportTime,errors
query_10004,120.205598608,16,7.4991927160000005,41.89237952232361,0.051915645599365234,0
query_10022,102.851782059,26,3.8136762903461534,0.4816697194026066,0.03956831418550931,0
query_10027,,0
query_10084,267.790318303,48,5.336937765333333,0.5698154369990032,0.05651017030080159,0
query_10105,,0
query_10109,,0
query_10114,203.668687809,29,7.0151691244827585,0.5362198270600419,0.055691291545999465,0
query_10120,92.942271058,74,1.1444053458378383,0.2389824068224108,0.022901071084512246,0
query_10123,,0
query_10148,87.111746055,74,1.061367233945946,0.229117032643911,0.024869635298445415,0
query_10158,82.057971523,17,4.580486647470589,0.829149695003734,0.053321613984949445,0
query_10159,233.371784732,27,8.461122973851856,0.8698834313286674,0.07214369597258391,0
query_10166,116.581118708,15,7.7584035196666665,38.473924001057945,0.04919370015462239,0
query_11543,,0
query_1479,,0
query_1536,285.450658446,70,3.937875696914285,0.346827507019043,0.047244344438825324,0
query_1542,,0
query_1582,236.390815898,71,3.2219647518169006,0.31438008160658293,0.033825216159014626,0
query_1585,285.998891385,113,2.4151545909380547,0.2221196098665221,0.027806357999818516,0
query_1587,,0
query_1600,,0
query_1603,,0
query_160,,0
query_2200,87.179564065,22,3.8410125443181813,37.49503872611306,0.033096833662553275,0
query_3598,180.140259267,114,1.4156829349473676,0.34093020255105544,0.03286621026825487,0
query_3705,56.047243543,50,0.9890878260399999,0.27518272399902344,0.025811195373535156,0
query_3771,65.115720813,50,1.18761376714,0.2541494369506836,0.026116371154785153,0
query_3842,100.290378141,32,3.0187093247499996,38.08064758777619,0.03442168235778809,0
query_3856,118.033400016,74,1.4815461660135132,0.23911450360272388,0.02370976112984322,0
query_3859,,0
query_3864,,0
query_4075,207.782292243,46,4.376065817456523,0.46262015467104695,0.03617742787236753,0
query_4107,,0
query_4112,133.737555611,24,5.377023708625,0.6189246972401938,0.04628300666809082,0
query_4124,227.553222939,113,1.8501807402743367,0.3296885870199288,0.03148391183498686,0
query_4128,