query,time,httpCalls,serverTime,importTime,exportTime,errors
C1_1,503.766262491,23,21.86608075447826,48.015874365101695,0.08983197419539742,0
C1_2,438.384844857,23,19.026147199043475,46.64173333541207,0.08740632430366847,0
C1_3,423.934262556,22,19.231748135363635,43.82995041933927,0.08547306060791016,0
