query,time,httpCalls,serverTime,importTime,exportTime,errors
C1_1,500.626480067,23,21.731685934739133,44.80733042177947,0.09251677471658457,0
C1_2,437.918878324,23,19.005079053826087,48.38402374931004,0.09067162223484203,0
C1_3,422.20018367,22,19.154343198545458,42.4103086644953,0.08431347933682529,0
