query,time,httpCalls,serverTime,importTime,exportTime,errors
C1_1,505.879228329,23,21.954835643434784,49.13766487785007,0.08886793385381288,0
C1_2,438.766365097,23,19.042018280304344,47.12193945179815,0.08523982504139778,0
C1_3,435.002180098,23,18.878261144391303,46.82728518610415,0.08547824362049931,0
