query,time,httpCalls,serverTime,importTime,exportTime,errors
C1_1,505.191558819,23,21.930005907782608,46.579412792039946,0.09012222290039062,0
C1_2,423.575969143,22,19.218622812272724,44.96808485551313,0.0815825028852983,0
C1_3,439.572418799,23,19.077965783173912,46.3962865912396,0.0874166903288468,0
