query,time,httpCalls,serverTime,importTime,exportTime,errors
C1_1,62.229829202,4,15.494637521,448.6196041107177,0.11849403381347656,0
C1_2,45.417195098,3,15.061674131666669,6.89236323038737,0.060876210530598954,0
C1_3,45.901111597,3,15.216546895333332,6.899197896321614,0.06326039632161459,0
