query,time,httpCalls,serverTime,importTime,exportTime,errors
C1_1,502.675802946,23,21.819260832304348,45.26908501334812,0.0840684641962466,0
C1_2,437.922154961,23,19.006205119478256,46.741444131602414,0.08647338203761892,0
C1_3,424.80660649,22,19.273337353772725,48.30252040516247,0.08917938579212537,0
