query,time,httpCalls,serverTime,importTime,exportTime,errors
C1_1,498.892585105,23,21.653818195913047,46.06809823409371,0.09268263111943784,0
C1_2,436.650129202,23,18.949154079478262,45.241490654323414,0.0899252684220024,0
C1_3,445.950929265,24,18.547155938666663,47.931055227915444,0.09058912595113118,0
