query,time,httpCalls,serverTime,importTime,exportTime,errors
C1_1,54.00571807,3,17.911576199666666,6.874879201253255,0.08090337117513022,0
C1_2,44.914598126,3,14.884648410333332,6.9268544514973955,0.06230672200520833,0
C1_3,46.108528304,3,15.282266560000002,6.886641184488933,0.06039937337239583,0
