query,time,httpCalls,serverTime,importTime,exportTime,errors
C1_1,507.832332209,23,22.043725445652175,45.49733452174975,0.08771730505901834,0
C1_2,438.023487326,23,19.01007618095652,48.496505488520086,0.08717827174974527,0
C1_3,423.540674837,22,19.21536982863637,45.5275448885831,0.08357654918323865,0
