query,time,httpCalls,serverTime,importTime,exportTime,errors
C1_1,505.70710899,23,21.951873136130438,47.09998421047045,0.08671180061672044,0
C1_2,455.066800472,24,18.928989836000003,51.834036906560264,0.09221831957499187,0
C1_3,423.578889274,23,18.381708882739133,47.51981859621794,0.08620386538298233,0
