query,time,httpCalls,serverTime,importTime,exportTime,errors
C1_1,504.474948132,23,21.899683046086956,46.160293662029765,0.09242348048997963,0
C1_2,423.226752717,22,19.203030362863636,44.45141012018377,0.07861310785466973,0
C1_3,437.669194654,23,18.995504249739135,46.48035505543584,0.08898196013077445,0
