query,time,httpCalls,serverTime,importTime,exportTime,errors
C1_1,57.694120842,3,19.161853477333334,7.076422373453776,0.058094660441080734,0
C1_2,44.65130807,3,14.816682951999999,6.874799728393555,0.06469090779622397,0
C1_3,45.416472442,3,15.065679398666665,6.960868835449219,0.06548563639322916,0
