query,time,httpCalls,serverTime,importTime,exportTime,errors
C1_1,523.30621937,24,21.77006335420834,46.248277028401695,0.09001294771830243,0
C1_2,457.168394969,24,19.014802201416664,44.471969207127884,0.09612242380777995,0
C1_3,404.137013927,23,17.529105032,48.1877326965332,0.09164602860160495,0
