query,time,httpCalls,serverTime,importTime,exportTime,errors
C1_1,520.49446944,24,21.668142894791664,48.45516880353292,0.08624792098999022,0
C1_2,439.66650272,23,19.098566540913044,44.91247301516325,0.08530202119246774,0
C1_3,423.334711568,23,18.387146747130437,47.306071157040805,0.08790389351222824,0
