query,time,httpCalls,serverTime,importTime,exportTime,errors
C1_1,55.414932445,3,18.384217964333335,6.909847259521484,0.05372365315755208,0
C1_2,44.465433118,3,14.720814914,7.419824600219727,0.07136662801106772,0
C1_3,45.616855873,3,15.119314801333333,6.931304931640625,0.062147776285807296,0
