query,time,httpCalls,serverTime,importTime,exportTime,errors
C1_1,56.484119171,3,18.74548149,7.462263107299805,0.06143252054850261,0
C1_2,45.185176186,3,14.983329933,6.831963857014974,0.06898244222005209,0
C1_3,46.293828604,3,15.345673450333333,6.833235422770183,0.059922536214192704,0
