query,time,httpCalls,serverTime,importTime,exportTime,errors
C1_1,513.764628266,24,21.372643763958333,44.166823228200286,0.08938709894816081,0
C1_2,425.244493651,22,19.29258364145455,46.39995098114014,0.08454106070778586,0
C1_3,436.545913956,23,18.946352656652174,46.562827151754625,0.0886813454006029,0
