query,time,httpCalls,serverTime,importTime,exportTime,errors
C1_1,62.273565256,4,15.50523357825,7.072389125823975,0.072479248046875,0
C1_2,45.156015549,3,14.970769933,7.635275522867839,0.07605552673339844,0
C1_3,45.81157192,3,15.187578892333335,6.871620814005534,0.06492932637532553,0
