query,time,httpCalls,serverTime,importTime,exportTime,errors
C1_1,55.416734539,3,18.385854063333333,7.114648818969727,0.060558319091796875,0
C1_2,45.235231453,3,14.996719028333333,6.887038548787435,0.06421407063802084,0
C1_3,46.234945896,3,15.330104836666665,6.979306538899739,0.06691614786783853,0
