query,time,httpCalls,serverTime,importTime,exportTime,errors
C1_1,59.126194046,3,19.626865175333332,6.9675445556640625,0.05817413330078125,0
C1_2,44.605649139,3,14.786484836,6.831963857014974,0.06771087646484375,0
C1_3,46.168430838,3,15.310968414000001,7.20667839050293,0.0663598378499349,0
