query,time,httpCalls,serverTime,importTime,exportTime,errors
C1_1,53.239890555,3,17.659029348,6.18441899617513,0.061114629109700516,0
C1_2,43.843803108,3,14.516736901666667,6.9789886474609375,0.06278355916341145,0
C1_3,46.214265253,3,15.316208848666667,6.979703903198242,0.0701745351155599,0
