query,time,httpCalls,serverTime,importTime,exportTime,errors
C1_1,58.204811658,3,19.316503659000002,6.954749425252278,0.06103515625,0
C1_2,44.628458081,3,14.789758110666668,7.043997446695964,0.05952517191569011,0
C1_3,45.729749502,3,15.160083739666666,7.110595703125,0.06643931070963541,0
