query,time,httpCalls,serverTime,importTime,exportTime,errors
C1_1,497.783975402,23,21.605605220173913,41.12631341685419,0.09546072586722998,0
C1_2,420.57009876,22,19.081337680818187,45.89643261649392,0.08586320010098544,0
C1_3,440.17792609,23,19.10266982230435,46.01838277733844,0.08707461149796196,0
