query,time,httpCalls,serverTime,importTime,exportTime,errors
C1_1,59.574206899,3,19.778666391333335,7.105906804402669,0.06588300069173178,0
C1_2,44.640484908,3,14.796528315666666,6.905317306518555,0.058015187581380204,0
C1_3,45.685104508,3,15.140709678,6.831169128417969,0.08312861124674478,0
