query,time,httpCalls,serverTime,importTime,exportTime,errors
C1_1,506.329776478,23,21.99584072447826,45.657790225485094,0.08228550786557406,0
C1_2,454.516471409,24,18.921589038125,47.91198174158732,0.09198983510335287,0
C1_3,418.475867505,22,19.004268627272726,42.7222035147927,0.08344650268554689,0
