query,time,httpCalls,serverTime,importTime,exportTime,errors
C1_1,515.112858661,24,21.428418164333337,49.62047934532166,0.09129444758097333,0
C1_2,474.647468373,25,18.95391287132,49.77289199829101,0.08951187133789061,0
C1_3,396.705353006,23,17.21326546673913,45.57745353035305,0.08989417034646738,0
