query,time,httpCalls,serverTime,importTime,exportTime,errors
C1_1,499.333068266,23,21.673990609739125,44.46958458941916,0.09499425473420517,0
C1_2,436.71816961,23,18.95306598426087,48.207904981530234,0.08716790572456691,0
C1_3,437.940755161,23,19.005253297652168,45.03030362336532,0.08851548899774966,0
