query,time,httpCalls,serverTime,importTime,exportTime,errors
C1_1,492.009121878,22,22.328672957500004,45.46874219721013,0.08305636319247159,0
C1_2,419.744809405,22,19.044099796090904,45.803991231051356,0.09041482752019708,0
C1_3,457.518724217,24,19.03008803070833,48.18196098009745,0.0944236914316813,0
