query,time,httpCalls,serverTime,importTime,exportTime,errors
C1_1,60.549776619,3,20.097663941333334,6.8484147389729815,0.056743621826171875,0
C1_2,44.447026849,3,14.734603510666668,6.922801335652669,0.06008148193359375,0
C1_3,46.33837977,3,15.361476634666666,6.9742997487386065,0.06031990051269531,0
