query,time,httpCalls,serverTime,importTime,exportTime,errors
C1_1,511.87325892,24,21.292506511166668,44.987807671229035,0.09484092394510907,0
C1_2,440.860133366,23,19.131976825043477,50.15101640120797,0.09053686390752377,0
C1_3,432.78241626,24,17.998019247125,47.70197470982869,0.09006261825561522,0
