query,time,httpCalls,serverTime,importTime,exportTime,errors
C1_1,61.328251431,3,20.361629293,6.99003537495931,0.057140986124674484,0
C1_2,45.07501066,3,14.943705189333334,6.932814915974935,0.07073084513346353,0
C1_3,45.728020034,3,15.160861002666666,6.946166356404622,0.07263819376627603,0
